state_0,state_1,state_2,state_3,state_4,state_5,state_6,state_7,state_8,state_9,state_10,state_11,state_12,state_13,state_14,state_15,state_16,state_17,state_18,state_19,state_20,state_21,state_22,state_23,state_24,state_25,state_26,action_0,action_1,action_2,action_3,action_4,action_5,action_6,reward
0.001362423,-0.0026116422,-0.021056015,0.04773949,-0.00016360215,0.029295344,-0.0012400405,0.0023012594,0.3000001,0.0,0.04705702,1.0,0.0,0.0,0.08963136,0.018057082,-1.478632,4.93213,-0.021065146,2.8869662,-0.41908962,0.0023012594,0.3000001,0.0,0.04705702,1.0,0.0,[1.],[1.],[1.],[1.],[1.],[1.],[1.],-8.08016
